user_ID,first_Name,last_Name,email,phone
1,Dannie,Besson,dbesson0@fda.gov,864-160-2572
2,Sallyanne,Fancutt,sfancutt1@globo.com,567-663-0169
3,Amalita,Cecil,acecil2@dailymail.co.uk,416-436-3550
4,Lydon,Steers,lsteers3@pbs.org,648-407-3010
5,Danni,Capey,dcapey4@artisteer.com,319-851-0450
6,Jae,Pittham,jpittham5@state.tx.us,588-362-9672
7,Brigid,Meale,bmeale6@engadget.com,699-790-7651
8,Coleen,Sinott,csinott7@miitbeian.gov.cn,514-968-4206
9,Symon,Emson,semson8@mayoclinic.com,809-771-1817
10,Gael,Van T'Hoog,gvanthoog9@admin.ch,830-693-4537
11,Vivianne,Bezarra,vbezarraa@economist.com,637-733-5065
12,Corinne,Byford,cbyfordb@usatoday.com,583-800-6342
13,Otho,Twinbourne,otwinbournec@imageshack.us,473-481-8819
14,Mikel,Phalp,mphalpd@yellowpages.com,311-202-6061
15,Frederique,Sorro,fsorroe@miitbeian.gov.cn,621-395-6081
16,Carrie,Whitland,cwhitlandf@hatena.ne.jp,414-835-6338
17,Chad,Spata,cspatag@hatena.ne.jp,322-183-1347
18,Lothario,Tunney,ltunneyh@gnu.org,836-906-5558
19,Dulce,Huyhton,dhuyhtoni@friendfeed.com,398-440-2241
20,Vevay,Loveard,vloveardj@chron.com,859-926-4800
21,Kaiser,Caught,kcaughtk@nyu.edu,151-599-8178
22,Kermit,Camier,kcamierl@craigslist.org,931-732-0160
23,Carmina,Greenig,cgreenigm@cam.ac.uk,295-768-5330
24,Crystie,Brear,cbrearn@smh.com.au,557-268-6841
25,Blondell,Braden,bbradeno@pinterest.com,980-578-9913
26,Garrett,Afield,gafieldp@webs.com,153-745-4125
27,Harley,Hessel,hhesselq@squidoo.com,307-516-1509
28,Berton,Woodus,bwoodusr@com.com,471-348-2466
29,Berton,Edmott,bedmotts@barnesandnoble.com,925-318-3516
30,Patricio,Teager,pteagert@go.com,224-335-5659
31,Nick,Watkins,nwatkinsu@hostgator.com,540-136-0136
32,Emelita,Burland,eburlandv@tinypic.com,115-297-0846
33,Sallie,Portam,sportamw@github.io,921-976-2082
34,Carolina,Bladen,cbladenx@google.pl,733-869-6393
35,Carlyle,Zanioletti,czaniolettiy@phpbb.com,285-628-9063
36,Kylila,Grabham,kgrabhamz@redcross.org,105-112-3383
37,Jermaine,Kliemke,jkliemke10@nsw.gov.au,805-201-5127
38,Haslett,Bakster,hbakster11@nba.com,598-488-5292
39,Celestia,Hilland,chilland12@engadget.com,962-263-3224
40,Roxana,Lemar,rlemar13@soup.io,281-575-6994
41,Retha,Bearham,rbearham14@icq.com,600-167-4721
42,Karlene,Streatfeild,kstreatfeild15@clickbank.net,131-400-8360
43,Barbie,Chown,bchown16@independent.co.uk,165-449-6337
44,Gertrud,Birchner,gbirchner17@ucoz.ru,704-924-6010
45,Marchall,Ilieve,milieve18@answers.com,618-468-0971
46,Raviv,Polly,rpolly19@weather.com,653-179-2216
47,Antonietta,Nansom,anansom1a@google.de,745-356-5621
48,Tara,Woofendell,twoofendell1b@pbs.org,364-365-7312
49,Daisy,Klausewitz,dklausewitz1c@apple.com,780-505-4570
50,Averil,Strand,astrand1d@ehow.com,756-738-6773
51,Lucien,Pays,lpays1e@dropbox.com,702-639-0576
52,Orlan,Underhill,ounderhill1f@nsw.gov.au,554-491-8644
53,Rod,Danielis,rdanielis1g@ezinearticles.com,459-412-6958
54,Pooh,Dulanty,pdulanty1h@microsoft.com,532-219-3890
55,Othilie,Cadogan,ocadogan1i@wikia.com,534-496-2111
56,Brit,Kelso,bkelso1j@multiply.com,391-130-0623
57,Faythe,Baumadier,fbaumadier1k@about.me,598-865-6676
58,Silva,Connah,sconnah1l@google.com.au,314-713-6852
59,Onida,Bonsale,obonsale1m@360.cn,774-156-7159
60,Vivyanne,O'Brogane,vobrogane1n@cyberchimps.com,107-622-0969
61,Yvor,Yakobovicz,yyakobovicz1o@cisco.com,236-892-2759
62,Rici,Saile,rsaile1p@spiegel.de,590-965-1772
63,Pearl,McNally,pmcnally1q@japanpost.jp,936-379-8390
64,Nickolai,Tring,ntring1r@ucoz.com,530-944-0220
65,Jarrad,Bondley,jbondley1s@surveymonkey.com,967-242-9122
66,Evangelia,Gabriel,egabriel1t@gravatar.com,248-912-9226
67,Donelle,Le Houx,dlehoux1u@cam.ac.uk,881-781-7050
68,Esther,Welman,ewelman1v@feedburner.com,997-132-3263
69,Haywood,Leel,hleel1w@rediff.com,584-842-6935
70,Christophorus,Farlham,cfarlham1x@geocities.com,403-502-5254
71,Philippine,Dampney,pdampney1y@addthis.com,895-536-6144
72,Clarita,Grandin,cgrandin1z@msn.com,887-699-0735
73,Barr,Dommerque,bdommerque20@sun.com,331-529-2149
74,Lucais,Matherson,lmatherson21@about.com,785-947-1758
75,Peterus,Dran,pdran22@mozilla.org,998-809-1254
76,Gustavo,Myderscough,gmyderscough23@t.co,578-151-5647
77,Gwen,Littefair,glittefair24@bigcartel.com,430-419-0406
78,Giustina,Newbigging,gnewbigging25@instagram.com,986-211-6074
79,Car,Ebben,cebben26@jiathis.com,609-829-3809
80,Celestyna,Hallex,challex27@surveymonkey.com,683-926-0468
81,Barbabra,Domniney,bdomniney28@1und1.de,703-846-7081
82,Saraann,McArdle,smcardle29@storify.com,195-926-1020
83,Stanislaw,Goodyer,sgoodyer2a@nydailynews.com,926-676-6764
84,Aurea,Huyhton,ahuyhton2b@macromedia.com,239-746-9356
85,Pennie,Goodinge,pgoodinge2c@nydailynews.com,668-459-6247
86,Abra,Tabord,atabord2d@livejournal.com,129-787-5564
87,Grantley,Dixcee,gdixcee2e@wikimedia.org,270-708-9426
88,Dannel,Beche,dbeche2f@nasa.gov,272-701-5626
89,Lorilee,Schimonek,lschimonek2g@arstechnica.com,824-139-6427
90,Kinsley,Taunton.,ktaunton2h@about.me,617-884-4255
91,Hillary,Adlam,hadlam2i@dailymail.co.uk,667-786-9753
92,Beth,Sadgrove,bsadgrove2j@tumblr.com,540-710-3132
93,Jimmie,Rosencwaig,jrosencwaig2k@si.edu,609-450-1966
94,Cassius,Careless,ccareless2l@bloglines.com,535-541-2807
95,Munroe,Dionisio,mdionisio2m@phoca.cz,462-683-6780
96,Gleda,De Filippo,gdefilippo2n@ebay.com,288-830-2434
97,Chiquia,Rothery,crothery2o@1und1.de,641-875-0975
98,Kris,Cohalan,kcohalan2p@hexun.com,745-378-0445
99,Doralin,Waszczyk,dwaszczyk2q@ask.com,361-459-7324
100,Liliane,Farncombe,lfarncombe2r@123-reg.co.uk,452-397-2979
